step,lr,loss,transformer.wte.weight,transformer.h.0.attn.c_attn.weight,transformer.h.0.mlp.c_fc.weight,transformer.h.1.attn.c_attn.weight,transformer.h.1.mlp.c_fc.weight,transformer.ln_f.weight
0,3.2258064516129034e-05,4.298375129699707,nan,nan,nan,nan,nan,nan
1,6.451612903225807e-05,4.165314197540283,0.0028513234824886252,0.0026849857544134557,0.00279848860601554,0.00272290599805191,0.002809108935565129,5.611693372654999e-05
2,9.67741935483871e-05,3.961101531982422,0.003991695492081412,0.0036860209376326156,0.003959529961698741,0.0037636524612651395,0.003950449507373089,7.700604506136e-05
3,0.00012903225806451613,3.7336814403533936,0.005030323001103,0.004467268547663951,0.004834673265595249,0.0045406917235425535,0.004899060543912931,9.507048653311871e-05
4,0.00016129032258064516,3.602470874786377,0.006031022879930591,0.005024976455455503,0.005464804728034512,0.005060301796491458,0.005610215724633486,0.00011069804355531994
5,0.0001935483870967742,3.491868734359741,0.0070498352298033525,0.005408028250976954,0.005973229023662965,0.005434260423665888,0.006168470958314159,0.0001275873352708965
6,0.00022580645161290324,3.4620723724365234,0.007996733192218808,0.005693302056089956,0.006389038342560859,0.0056325572293273295,0.006570980621049124,0.00014636874088584445
7,0.00025806451612903227,3.441614866256714,0.008789661521505067,0.005911944780373156,0.006701586655959682,0.005711386759083987,0.006804465050329129,0.00016517452396153752
8,0.0002903225806451613,3.3120276927948,0.009686544965366207,0.006102096439492289,0.006939746762939475,0.005690098585728377,0.006938306696841482,0.000188918268721148
9,0.0003225806451612903,3.283597707748413,0.010559839497581778,0.0062978230621853915,0.007155825514838121,0.005650680805758726,0.007052458877910953,0.0002155092781056194
10,0.0003548387096774193,3.256352186203003,0.011484051209838935,0.00656655070623406,0.0074123197201659205,0.005626952872739165,0.0071348458813237595,0.00024281537530400227
11,0.0003870967741935484,3.320460557937622,0.012037794996813463,0.007002381037160194,0.007694599919851009,0.005637917720424762,0.00713492522355664,0.0002650581060166996
12,0.00041935483870967743,3.346344470977783,0.01249510429488683,0.007689020502183784,0.008093599952663086,0.005845123817288508,0.007207073429730136,0.00028420129665599457
13,0.0004516129032258065,3.201808452606201,0.013057291247145573,0.008464703274828997,0.008570349838083,0.006198409966475852,0.007313303813936094,0.0003149215310137559
14,0.0004838709677419355,3.178443193435669,0.013769850085620344,0.009328216581484219,0.008811322993726995,0.0063461225935682085,0.007610771969839749,0.00035132435513775614
15,0.0005161290322580645,3.157062292098999,0.01446515092477449,0.009431975972918474,0.009186138435842423,0.007173155600258371,0.008105133057527839,0.0003849623073467729
16,0.0005483870967741936,3.097729444503784,0.014995255868584119,0.009805909931352136,0.008816628823428941,0.006758531140013565,0.008118438972198223,0.00037811107765939686
17,0.0005806451612903226,3.0109221935272217,0.015371286456134612,0.010860208710979105,0.008876992207120642,0.006929215422499617,0.008296820071807359,0.00040639083175553306
18,0.0006129032258064516,3.0126373767852783,0.01593090277780912,0.012523057611665844,0.009055041492426448,0.007650585890668874,0.008484016085817855,0.00043264479005957835
19,0.0006451612903225806,2.899458885192871,0.01649576513111475,0.013178519236380566,0.009249374404695657,0.008647283642020182,0.008677128726253992,0.00046675754954427656
20,0.0006774193548387097,3.05087947845459,0.016600184267309873,0.01265099690057965,0.009113818352440031,0.009377757905306965,0.007960734750371396,0.00047663078643922095
21,0.0007096774193548386,2.8070645332336426,0.01700795658791068,0.01315583520848637,0.00933241113949622,0.010014805477489836,0.008159747669238389,0.0005001238469397266
22,0.0007419354838709677,2.8873722553253174,0.017207160226886238,0.013225783942371718,0.009121857063260628,0.009580839414610803,0.007806547085679706,0.0005163777942192334
23,0.0007741935483870968,2.926618814468384,0.017416617682362478,0.01368334908345783,0.00914106541347064,0.010160230148688396,0.007857027383119811,0.0005296846127636408
24,0.0008064516129032258,2.82796311378479,0.017784897341311355,0.014748378657664768,0.009570949962357661,0.011240588202796263,0.008185127155500602,0.0005516789785168831
25,0.0008387096774193549,2.691847801208496,0.017827966104342622,0.014407655879087855,0.009358239428281803,0.010502622909212809,0.007974946689783219,0.0005823935041483535
26,0.0008709677419354839,2.743298292160034,0.0174781681548767,0.013921043196354923,0.009050262508868341,0.010081097099849072,0.007720404771741471,0.0006019435562422312
27,0.000903225806451613,2.729250431060791,0.01743403980895413,0.013954537463011268,0.00913352468489166,0.0115234826478686,0.007776825280822359,0.0006078165364383602
28,0.000935483870967742,2.7323756217956543,0.01731824687851947,0.014406352053104225,0.009223584909308156,0.01340222326106535,0.007900023317680624,0.0006135799883151632
29,0.000967741935483871,2.7088699340820312,0.01689783246804236,0.01441839686267849,0.00903086067265072,0.013430437501996972,0.007524425869295616,0.000628865583106542
30,0.001,2.6720948219299316,0.01655844448802713,0.014403038085704058,0.008936419113356648,0.012837513928420599,0.007532340194098463,0.0006485777675585542
31,0.0009999837790529657,2.6729848384857178,0.0158152132464363,0.014339396709733516,0.008490372846996412,0.012026078462214911,0.007282699850140937,0.0006480428174842942
32,0.0009999351173812809,2.7076594829559326,0.015333471113836736,0.014358898349346772,0.008212300962721868,0.010425901570001311,0.006848658528326748,0.0006396271553580711
33,0.0009998540184931164,2.6455814838409424,0.014645293955013133,0.013402903800803272,0.007659673381064845,0.009358693782908111,0.006354930045049906,0.0006179990928722824
34,0.0009997404882351425,2.6977810859680176,0.014024727285807632,0.013123209343336465,0.007425077709294338,0.011382741059718668,0.006125258732732658,0.0005820225191692817
35,0.0009995945347921068,2.701552391052246,0.013241243694521329,0.013157827324121942,0.007096344649480112,0.011756296387028775,0.005890715916994324,0.0005536682847935278
36,0.000999416168686245,2.6546967029571533,0.01264353172780709,0.013093286540963646,0.0070689822271269645,0.012736298920885694,0.006273770236658327,0.0005429488598937957
37,0.000999205402776523,2.5768096446990967,0.01218925215660337,0.013258711104574699,0.006828908569848507,0.011368844497824052,0.0058151771505816335,0.00055477566429452
38,0.0009989622522577077,2.6637747287750244,0.011638413917904235,0.012990947885501146,0.0065007177710485866,0.009499664401774173,0.00542959532189965,0.0005429753829402171
39,0.0009986867346592732,2.5724048614501953,0.011140737583298215,0.013214510673442752,0.006366068848630644,0.008902272660201332,0.005260673321080067,0.0005501684390376011
40,0.000998378869844137,2.610903024673462,0.011000156508122557,0.013620635451475314,0.006225073799973289,0.009685144100314347,0.005122464355428852,0.0005483849626693638
41,0.0009980386800072269,2.5757322311401367,0.010610819752319804,0.013062124341614297,0.006057404951431294,0.009901858130369347,0.004968863047031494,0.0005434586272817825
42,0.0009976661896738826,2.5906832218170166,0.01026556646425099,0.013508791266433349,0.006263663998154174,0.011361683132166336,0.005306554896855508,0.0005170794222049682
43,0.0009972614256980859,2.646414041519165,0.010122318379901619,0.013516197143661837,0.00628817185390288,0.010777313698060278,0.005339524604295697,0.0004876612126451736
44,0.000996824417260526,2.6280930042266846,0.009812236794035553,0.014033558063299737,0.0063380540378286405,0.01102995587913601,0.005328778153146474,0.00045532460215055403
45,0.0009963551958664944,2.5992465019226074,0.009412046012356406,0.013472798175339924,0.005785967678216247,0.009616022035331396,0.004698098023642666,0.0004326383038584844
46,0.000995853795343616,2.610152244567871,0.009037930567790694,0.014004015096799334,0.005964582989558595,0.011443453109214909,0.005021905399992305,0.000403050498110747
47,0.0009953202518394068,2.5760223865509033,0.008844245660288741,0.013446142302860906,0.005756866669861052,0.01029019032054633,0.004838178569254215,0.00040645072546732335
48,0.0009947546038186715,2.5517237186431885,0.00876498836450592,0.01346912158916842,0.005659272574360803,0.009516893980908936,0.004515819035900259,0.0004184651971222865
49,0.000994156892060728,2.585423707962036,0.008947230129202085,0.0141518197136685,0.005907038857647458,0.009324750312126363,0.004633829387027995,0.0004133303216459224
50,0.0009935271596564687,2.50276255607605,0.009015559611233322,0.014556400644842545,0.006127456981052077,0.008905866479395523,0.004940934490522515,0.00042748232592389445
51,0.0009928654520052536,2.576235771179199,0.008827400167689079,0.01435526259989445,0.005899910196451351,0.009053589085164742,0.004711047352939731,0.00042927912433059245
52,0.000992171816811637,2.516286849975586,0.008465253820459965,0.013381994549777718,0.00564640260641502,0.009298183368004406,0.004377746601612903,0.0004295041949065774
53,0.000991446304081929,2.5263519287109375,0.008055117892179784,0.013301468553663856,0.005636973800008625,0.010394868326144039,0.004405188776741402,0.0004209855439226546
54,0.0009906889661205895,2.466789722442627,0.0080230514106948,0.013178406025403844,0.005615524375194221,0.00959400060467329,0.004575649053362381,0.0004295727243479921
55,0.0009898998575264587,2.6092159748077393,0.008169016761594091,0.013174915665275072,0.0058794924718052425,0.010382491045558632,0.00497301899443147,0.0004004723876369106
56,0.0009890790351888199,2.5728325843811035,0.007880153812096134,0.013443301322734424,0.005754614210259381,0.010002334177194367,0.0045754587310862585,0.0003737711971067056
57,0.0009882265582832977,2.5774331092834473,0.007875247036314773,0.013528734825227326,0.005698216490007948,0.010284463722023492,0.004727458858893065,0.0003618818383640914
58,0.0009873424882675935,2.5454020500183105,0.007836112237400893,0.014205043671467818,0.005900774581229308,0.010391442380396772,0.004966947510830085,0.0003487439839436532
59,0.0009864268888770537,2.5146353244781494,0.007627687852847023,0.01418952414015415,0.005813900987746612,0.009645735112362476,0.004658232359062231,0.00034272839826610633
60,0.0009854798261200745,2.52409291267395,0.007552775402980065,0.013588371555394477,0.005754772948928203,0.011043591800307312,0.0044367380249364695,0.0003389896234020079
61,0.000984501368273344,2.4822838306427,0.00739913282057155,0.013776589831200612,0.005579598435413209,0.011314416318032294,0.004158280035039369,0.0003340341691424243
62,0.0009834915858769196,2.5521390438079834,0.007368120507930733,0.014692433735214314,0.005692384581499465,0.010480148253137943,0.004364786154428044,0.00031344417311595355
63,0.0009824505517291428,2.5314817428588867,0.007204803727209057,0.014439577504509585,0.005647162570628699,0.010405214370455202,0.0047003625415891325,0.00030017731331537033
64,0.00098137834088139,2.492241621017456,0.006951339114703422,0.01500022090151967,0.005427497791263011,0.010673815778732538,0.004579887214824449,0.00030719034360806745
65,0.000980275030632663,2.5288074016571045,0.006686185517667173,0.014185018233521317,0.005190833983141464,0.009712896297687755,0.004184283431085803,0.000297886703159817
66,0.0009791407005240154,2.480639696121216,0.006849817987088167,0.015009683270358122,0.005314758615214053,0.009330715485477101,0.004073842834891178,0.00030929523837645254
67,0.0009779754323328191,2.5125229358673096,0.00699069567037489,0.014391244498700592,0.005640976194937325,0.009083258101999274,0.004391915152857675,0.0003056610383381754
68,0.0009767793100668677,2.5275235176086426,0.006748538168139957,0.013770344342492143,0.005739710027845024,0.008868719525892377,0.004573401310601876,0.0002892519162196649
69,0.0009755524199583211,2.5158751010894775,0.006618136123657113,0.013196970606997779,0.005514516739071873,0.00906014772395647,0.00433039856468012,0.00027081497720259
70,0.000974294850457488,2.4514048099517822,0.00680120214372755,0.013341154341545088,0.0056565466245902685,0.009973278934839125,0.00442858326078134,0.00027639680283693993
71,0.0009730066922264492,2.5087296962738037,0.006881365885506369,0.013419777929800904,0.005684929739696678,0.01048723949710649,0.004585914153812602,0.0002764712302260968
72,0.0009716880381325226,2.5066916942596436,0.006743421869274407,0.012829755619796815,0.005437242088635085,0.00922566430870479,0.004398332684049035,0.00027544230107365855
73,0.0009703389832415669,2.4612295627593994,0.006660888995096454,0.01252682584496483,0.005324417806736926,0.01030471694908634,0.0042465340771773085,0.0002688385450362825
74,0.0009689596248111282,2.512535572052002,0.006356371765061997,0.012007415391514963,0.005188764930385752,0.009674257802224107,0.003993686275977819,0.0002553310262941688
75,0.0009675500622834292,2.45398211479187,0.006066349145936319,0.012135383050235756,0.005097825262127235,0.009628754281842237,0.003978602543140223,0.0002699225205552184
76,0.0009661103972781991,2.4973249435424805,0.006087252997300235,0.011972841740937953,0.005063832169779083,0.008957271192450045,0.0040089010204769565,0.0002626208521674719
77,0.0009646407335853483,2.4882590770721436,0.006036312429083301,0.012619168465792462,0.00516093084133488,0.009368091742826514,0.004351590985514896,0.0002636010855769194
78,0.0009631411771574849,2.5010626316070557,0.006071438536760322,0.012180455654926226,0.005206679792438374,0.00957158288213758,0.004195861870421844,0.00024399690494553662
79,0.0009616118361022777,2.438502788543701,0.005967919455738594,0.01170550927695054,0.005353836886337993,0.011309157115531049,0.00441799734447436,0.00024152174964575337
80,0.0009600528206746611,2.5466763973236084,0.00605929184745056,0.011950086041119341,0.005537858478023673,0.012518597087188986,0.004810984186798737,0.00023297635665331994
81,0.0009584642432688869,2.4422218799591064,0.00602737584496524,0.011166535335331216,0.005267862612756807,0.010676610276422464,0.0044993612972341656,0.00024032017506278908
82,0.0009568462184104216,2.49461030960083,0.0060411102284030765,0.011103656274039605,0.005268179211199028,0.009210334284491894,0.004564444667960612,0.0002396876416448374
83,0.0009551988627476899,2.5790483951568604,0.006253353381988271,0.01200093626230316,0.005737719385340745,0.0103676497320221,0.005480505113786945,0.0002360718329008989
84,0.0009535222950436647,2.4672741889953613,0.006184362278164402,0.012402223312362126,0.005808393125347636,0.01100269323898316,0.005329095772423231,0.00024239051826714704
85,0.0009518166361673059,2.5160017013549805,0.006106587195585709,0.012403702826032087,0.0054369533099141365,0.010204675517798828,0.004379839751836615,0.0002430156764696773
86,0.0009500820090848456,2.428753137588501,0.006403081309683875,0.013231586981637069,0.005771487181572931,0.009987571814264488,0.004794301669525243,0.0002524747662373777
87,0.0009483185388509244,2.473233222961426,0.006565820425914717,0.013104046558613492,0.005745882978463823,0.00925606778217534,0.004757344820493874,0.00025303535393844754
88,0.0009465263525995742,2.4821155071258545,0.006494278711327757,0.0125998910527641,0.005531937250290916,0.009672437147825043,0.004641907919001647,0.00025262355321148405
89,0.0009447055795350541,2.518503427505493,0.006671402568837854,0.015405203157072401,0.00572053511139338,0.011795958232359733,0.004735735991232678,0.00023613896819604118
90,0.0009428563509225347,2.462782859802246,0.006449863125527795,0.014889954633357868,0.005560854177726557,0.012594410467885815,0.004534667045827789,0.000246127403550867
91,0.0009409788000786358,2.4688503742218018,0.00621990252230794,0.01367159584248113,0.005598154995593496,0.010077467092663746,0.004511192219376189,0.00025889503903165755
92,0.000939073062361814,2.470630407333374,0.0063644467361799115,0.012762103674528333,0.005909802511433086,0.011651639727785632,0.005184354741058942,0.0002526548139232196
93,0.0009371392751626053,2.6050238609313965,0.006342472553979943,0.012601855268369528,0.006027594514136025,0.013316740387181215,0.005576404944514467,0.00022648109577016966
94,0.0009351775778937195,2.486569881439209,0.005934857815606532,0.011423032794405985,0.0058070158088449975,0.00983053293660514,0.005190073508337279,0.00021358837620219173
95,0.00093318811197999,2.475602388381958,0.006057451798295027,0.011657354063467075,0.005756972484928899,0.011379095754573751,0.0054190675555286,0.00022594249504698843
96,0.000931171020848178,2.542552947998047,0.006179870899614062,0.011679405471276836,0.005770739370174611,0.010729538061445176,0.00507714780110821,0.00019778790198251913
97,0.0009291264499166315,2.4885592460632324,0.0060330665812736994,0.01087470297567563,0.005690946825834234,0.010668177141344146,0.004986123462075205,0.00020005578627706595
98,0.0009270545465848032,2.4671154022216797,0.005851579666849377,0.010125295232442443,0.005299424612402031,0.010293816773915056,0.004702112035483813,0.00020346644668320444
99,0.0009249554602226228,2.4900941848754883,0.006073927561740116,0.01026477850963818,0.005508128060010698,0.010969496902292713,0.005283878472910761,0.0002272643188019197
100,0.000922829342159729,2.47811222076416,0.00609170748691371,0.010023023200740123,0.005548450688774887,0.010785113971474884,0.005307288937060928,0.0002206456000831994
101,0.0009206763456745596,2.492281675338745,0.005692867648962987,0.01003450697889074,0.005422712639065701,0.009928669959771172,0.004922052282223295,0.00019785382819312994
102,0.0009184966259833009,2.4473118782043457,0.005345299854671444,0.009762306839555306,0.005312173603572683,0.01014907954289786,0.00446968267405568,0.00020150052877674433
103,0.0009162903402286982,2.4506893157958984,0.005255869555896345,0.0095069381105339,0.005236130773759225,0.009911685639919399,0.004304519924857377,0.00020959918296810647
104,0.0009140576474687263,2.466292381286621,0.005447806696606111,0.009601957620763381,0.005449171233875857,0.009825348557345936,0.004677520833121305,0.00021567444157354884
105,0.0009117987086651233,2.4595792293548584,0.005391385237895977,0.009661611712445771,0.005374379001644934,0.008828256800141121,0.0046073488853957305,0.00020104365722212628
106,0.0009095136866717853,2.466355562210083,0.0054558195233844345,0.009857492382485886,0.005256397719388348,0.010378289089486584,0.00475504174971299,0.00021687430692122456
107,0.0009072027462230268,2.4855594635009766,0.005424408118417779,0.009491235027792467,0.005114750514422365,0.008588339094676036,0.004635908131661081,0.00021327525993312393
108,0.0009048660539217036,2.5206680297851562,0.005861719012504558,0.010532064812500396,0.005393974358943614,0.008420758004185491,0.0049997698497651274,0.00020570175835691183
109,0.0009025037782272031,2.512075185775757,0.005586262220182167,0.01018335623957035,0.005406406956589315,0.007990953421809922,0.005098106058271153,0.00019216748501776334
110,0.0009001160894432978,2.4779157638549805,0.005362876517512534,0.010230203351423849,0.00522251013971484,0.008220523646216256,0.004644159924999051,0.0001834459506536035
111,0.0008977031597058692,2.4723386764526367,0.0053847813631513475,0.010302876355307026,0.005068513088281716,0.008146083522045735,0.004276490218936583,0.00018337685290921812
112,0.0008952651629704975,2.4480443000793457,0.005562103474539311,0.010154331281504374,0.005115748830724931,0.00800544881877791,0.004334333187836187,0.00020417104055548546
113,0.0008928022749999195,2.4817442893981934,0.005900958353024489,0.010659881673680106,0.0054429027760225625,0.007785524092635367,0.004653251133468807,0.00021453290323171284
114,0.0008903146733513594,2.4591925144195557,0.005889670151079545,0.010689724490988968,0.005388571520043652,0.00958451146945683,0.0045343482713471,0.00021817913657421484
115,0.0008878025373637259,2.419477701187134,0.005508534628623481,0.010576226347463752,0.0051218485660499274,0.009024322795373707,0.004194861165661982,0.00021672762613079516
116,0.0008852660481446853,2.4436192512512207,0.005376590276815649,0.011133139974524437,0.005248864749554006,0.009244047185915162,0.004191633244073625,0.00021868932478001592
117,0.0008827053885576031,2.4083073139190674,0.005289948667322483,0.011247278831519535,0.00511149292848735,0.00918278816485134,0.004128575638712944,0.0002158272153828259
118,0.0008801207432083615,2.457306385040283,0.005671537710115251,0.011646804905335097,0.005261613259031464,0.010690542999601203,0.004422218316217747,0.0002045978074588317
119,0.0008775122984320508,2.486060380935669,0.005606148473313508,0.011177001819437574,0.00525130689442671,0.008706252827931025,0.004179059495997477,0.00018521226773629172
120,0.000874880242279536,2.4401469230651855,0.005910099897950243,0.012001693622134345,0.0055947234892055955,0.009685040751076455,0.004595825343205182,0.000194349972292487
121,0.0008722247645038989,2.420016288757324,0.0056883439699721965,0.01156842004337789,0.0054322088151184215,0.009075526679133618,0.004534094541375168,0.0002076364459355587
122,0.0008695460565467586,2.4463582038879395,0.005473023943511383,0.010428279794864359,0.005208926542833089,0.008051945131827946,0.004318690425314741,0.00020012648104623864
123,0.0008668443115244706,2.5010814666748047,0.005476749119030629,0.010680378959505514,0.005219068645746232,0.009378723768280786,0.004439219644267278,0.00019569785290878613
124,0.000864119724214203,2.446030855178833,0.005411180117213285,0.010766990058491525,0.005291537967636567,0.010975130261873977,0.004748023554595547,0.00019742818865717802
125,0.0008613724910398958,2.459360361099243,0.005198130038219889,0.010052861227343,0.005009428196602763,0.00985903873334893,0.004479259564500932,0.00018768695767821047
126,0.0008586028100580992,2.4840989112854004,0.0053314405723895696,0.0107396496511011,0.005128483403658222,0.01008320098591891,0.004565471881344567,0.00018156739334995004
127,0.0008558108809436955,2.468557596206665,0.005199168953896369,0.010263965964968355,0.005035376159634986,0.009467253473570733,0.004240619843521872,0.00018200667952497158
128,0.0008529969049755038,2.4072911739349365,0.005106912527821116,0.00959736392174717,0.004931502773552865,0.007738265563660755,0.0038196288070974998,0.00017641398490488168
129,0.0008501610850217689,2.421834945678711,0.005197407996535542,0.009479187660545046,0.0049175237953007975,0.00773855841231374,0.003858270729789084,0.00017484485987067475
130,0.0008473036255255366,2.423832893371582,0.005287971166163404,0.009749171624030339,0.005155655354814345,0.009468252493814474,0.004263010940767781,0.00018273424646982815
131,0.0008444247324899144,2.382134199142456,0.00521292488410423,0.009655454352172329,0.005195096396132492,0.009149646460749679,0.004332133545111408,0.00019884256135597548
132,0.0008415246134632196,2.417228937149048,0.004991552363672203,0.00951289512505982,0.005118094093698213,0.0076750487320151875,0.004122854268264555,0.00019966952452722634
133,0.0008386034775240171,2.3526320457458496,0.005243550428367664,0.010037870553727853,0.005242077326441561,0.009115286653644855,0.004410657503767439,0.0002115101561741188
134,0.0008356615352660467,2.386195182800293,0.005161897117532089,0.009916381650606543,0.005131746701517644,0.008018304671571759,0.004089657640358498,0.00022187212815921902
135,0.0008326989987830392,2.435600519180298,0.005061553311775674,0.009393847737539695,0.004886888686806834,0.0075660253050524266,0.0038084874251299453,0.00020147183596760788
136,0.0008297160816534275,2.4659173488616943,0.005239417574042975,0.010131853462712306,0.005144072329204996,0.008596993778182462,0.004139821138402964,0.00020134176165262387
137,0.0008267129989249486,2.433230400085449,0.005231859323870551,0.010174517267420292,0.005138338978469593,0.008320790680014395,0.004197402455718806,0.00019224266666003484
138,0.0008236899670991394,2.455225706100464,0.005210253327708319,0.009613274455059013,0.0049904842389220435,0.008082692950056435,0.00416823562621658,0.0001837497478338786
139,0.0008206472041157296,2.4318153858184814,0.005019482894440693,0.010214899792873353,0.005124647225126645,0.008214202762150832,0.0041613334100672585,0.00017335917190046076
140,0.000817584929336929,2.400550127029419,0.005020194252285484,0.010583059547265062,0.005169902950772965,0.008273804829298138,0.004266899866815601,0.00017751132615146132
141,0.0008145033635316131,2.3791143894195557,0.005016078920163798,0.010371401094937189,0.004937305566722593,0.008146387503542324,0.0040554776999874725,0.00018710345008952163
142,0.0008114027288594068,2.4051759243011475,0.004913622905093797,0.010367291790420004,0.005131018223865786,0.009168943995547421,0.004074385628805657,0.00018494484701979034
143,0.0008082832488546699,2.4452097415924072,0.004841569311286723,0.00980493395160234,0.0051339990333936015,0.008971208518973496,0.0041319787780418745,0.00019278869001757885
144,0.0008051451484103792,2.478811502456665,0.005039923890118871,0.009196225555989927,0.005118706186350722,0.009133068538941367,0.004079839119555869,0.00018765617222299934
145,0.000801988653761918,2.372056484222412,0.004797583246188737,0.00917999992372754,0.0048935589354189265,0.008829292229006637,0.0037631663074311496,0.00019352565268247775
146,0.0007988139924707636,2.4527838230133057,0.004865085590354577,0.009734745547566662,0.005127697931209081,0.009998691107421668,0.0039845855207147635,0.00019170171903072384
147,0.0007956213934080835,2.395629644393921,0.004897423737428441,0.00970733648051974,0.005127228360052808,0.009645322797486727,0.004105525650714593,0.00019691001743044731
148,0.0007924110867382348,2.3931992053985596,0.004681195311000293,0.009782473416914569,0.005147218003737698,0.008707395373811084,0.00406163935306719,0.00019739369474469946
149,0.0007891833039021703,2.424588680267334,0.004598608958591844,0.009324244121655442,0.005157595592981936,0.008502663301002661,0.004120274958430515,0.00019071644107153887
150,0.0007859382776007544,2.3802974224090576,0.004571846119877134,0.00961947395096157,0.005313980813578566,0.008927448353933384,0.004329578268140213,0.00018410798664549212
151,0.0007826762417779858,2.3919265270233154,0.004699547770313847,0.00946616544278782,0.0052072206449753035,0.008862663488092067,0.004303327088702671,0.00017742624349125716
152,0.0007793974316041325,2.5043277740478516,0.0048854860250318695,0.009435166403521336,0.00516564739829824,0.009230424121923394,0.004224850451359755,0.00016068883624735888
153,0.0007761020834587776,2.432389259338379,0.004672413053122874,0.009058302784310274,0.004947389101123692,0.008436770123197075,0.004004334450067819,0.00015243828792458892
154,0.0007727904349137777,2.35355544090271,0.004556025722602459,0.009718916242956413,0.00488598107386626,0.008167206634132236,0.003809332067399408,0.00015360119188846907
155,0.0007694627247161356,2.4106285572052,0.004749109215667259,0.01027002663389245,0.0050204687513385705,0.00841711905807333,0.0043096042899724895,0.00016649914230640767
156,0.0007661191927707885,2.4129345417022705,0.004928119926833204,0.009884659184459405,0.005186069173268211,0.007687480375559764,0.0043602591839872595,0.00016931942792370772
157,0.0007627600801233122,2.4014017581939697,0.0047929028564493445,0.00992391099294833,0.005221340340737105,0.00861759128978065,0.004379863487073906,0.00017240964218137524
158,0.0007593856289425439,2.362316131591797,0.004804173431024305,0.010337482543632346,0.0052506904437529325,0.009771626597689138,0.004581611152582202,0.00018582678055732065
159,0.000755996082503123,2.459088087081909,0.004835282427488131,0.009294598349429856,0.005085569131875982,0.008600105647697469,0.00425119140838199,0.00017230152417060536
160,0.000752591685167953,2.48211932182312,0.004901615919860004,0.009335402948254908,0.005134035988264977,0.0078114718293033165,0.004455671476216851,0.00015861880305959229
161,0.0007491726823705843,2.4952924251556396,0.004949773138359182,0.0099582695487616,0.005730128654821298,0.008963428358484352,0.005025168736707877,0.00015534470078711063
162,0.0007457393205975204,2.4246413707733154,0.004828823423866545,0.009518339577753646,0.005444196538810613,0.009280847227429273,0.004493497566726362,0.00014740649603432613
163,0.0007422918473704476,2.4464800357818604,0.004592121909952816,0.00887013037603729,0.00516853830751411,0.0078847346713165,0.00411781962444735,0.0001418717960917039
164,0.0007388305112283913,2.462454319000244,0.004617066895328722,0.008637076376025163,0.004939247303129315,0.008353233491565568,0.003868722042761786,0.00014440498525446766
165,0.0007353555617097968,2.4346134662628174,0.004880216582967013,0.009303786270306097,0.005173542320125464,0.00887412239358527,0.004055762972900201,0.00014554892626490712
166,0.0007318672493345399,2.4266271591186523,0.004647813368411897,0.008607575394548104,0.004958386983352634,0.008094468105722587,0.004029516447323062,0.0001456148282798714
167,0.0007283658255858663,2.415701150894165,0.004672523257771329,0.00815165828332637,0.005004670476761961,0.008629612302474993,0.004351009278576172,0.00016681761207371093
168,0.0007248515428922614,2.3614985942840576,0.004606719353621234,0.007771769741787911,0.005011988964104568,0.008820353926903236,0.004591700899619549,0.00018643647519350388
169,0.0007213246546092515,2.3617260456085205,0.004504135639670056,0.0076233063354760175,0.004873100480421746,0.007834467907398817,0.004201401395446196,0.00018095768741725656
170,0.000717785415001139,2.3633344173431396,0.004605483070700512,0.007964348905062672,0.0046917220978127325,0.007345249237597005,0.004020434249870411,0.00018045522831994655
171,0.0007142340792226714,2.3990118503570557,0.004499002153804575,0.007824275350809902,0.0046213740841622225,0.007054239296624343,0.0038430373789514476,0.00018538543916014313
172,0.0007106709033006468,2.4512557983398438,0.004491714786604305,0.008142589677575123,0.004686973130263191,0.006904495758998203,0.0040213420963312405,0.00018695803228429864
173,0.0007070961441154562,2.384978771209717,0.004475274717721934,0.007580122537409731,0.004777130769268407,0.0064748423222318365,0.0039623821297786474,0.00019625054283765056
174,0.0007035100593825633,2.4063992500305176,0.004480754097894245,0.007821064809076515,0.004859070598567856,0.006448893678480787,0.0040408282940903074,0.0002009783258797081
175,0.0006999129076339259,2.4172446727752686,0.00442675827465618,0.008295775948108108,0.004989605449285597,0.006747682464681431,0.004023617104955935,0.00019467281463030316
176,0.0006963049481993576,2.40397310256958,0.004350335892870539,0.00799361901609635,0.0046783384538438035,0.005993864681899214,0.0037845409766529264,0.0001960155141684912
177,0.000692686441187831,2.365299701690674,0.00429492093523838,0.007496888602250768,0.00454760721937336,0.005794087341355393,0.0036216681281781636,0.00018964996563337238
178,0.0006890576474687264,2.3915789127349854,0.004155159377471605,0.007757480841474896,0.00443890021183039,0.005921805061895007,0.0035056205094217466,0.00017841483847093104
179,0.000685418828653025,2.3302676677703857,0.004033409034894138,0.008020467520687614,0.0045423371561467835,0.006389556134955835,0.0035580585898725555,0.0001847436499490925
180,0.0006817702470744477,2.39794659614563,0.003934341864633598,0.0074000474562215335,0.004435096238535561,0.006076457958029373,0.0034756295943227174,0.00017274167168153121
181,0.0006781121657705439,2.3776450157165527,0.004022981748999477,0.008321276717732006,0.004479844136140361,0.007290586720538082,0.0035726377648310392,0.0001664680809236968
182,0.000674444848463727,2.3984460830688477,0.004116452051364267,0.008000285863349691,0.004513326017701743,0.007652332082140987,0.0038037905896487314,0.00016158131984112223
183,0.0006707685595422631,2.347858190536499,0.00405292023882425,0.0075051367384796844,0.004405933465963546,0.007239669195192843,0.0035738332511485995,0.00015623083974515252
184,0.0006670835640412089,2.379483938217163,0.004047270874689176,0.007492144578106723,0.004432671501811391,0.007043670447877543,0.003450408382654637,0.00015091874088382623
185,0.0006633901276233064,2.3153085708618164,0.0040898548803694965,0.00782756824116324,0.004427625507718938,0.007434339633174928,0.003513288238104632,0.0001647920121594526
186,0.0006596885165598288,2.3869588375091553,0.003904469639750547,0.0072578474659266935,0.004262076803097953,0.006962104926623603,0.0033844495423986172,0.0001591024079269709
187,0.0006559789977113848,2.2874133586883545,0.003875949546330387,0.006881315790408712,0.004106013797748811,0.00669874425554795,0.003335705175673372,0.0001729964758924162
188,0.0006522618385086806,2.374967098236084,0.0038875489144906306,0.007151428920158362,0.0042232967158325856,0.006680397991059748,0.003397159340407609,0.00017291671672240341
189,0.0006485373069332379,2.3786749839782715,0.0038482878263690523,0.00732958297031534,0.0042996230851254725,0.006525589368706877,0.003517625805735503,0.0001712055234148914
190,0.0006448056714980769,2.3295838832855225,0.003844991878873336,0.007343432716075958,0.004333059777505352,0.006334903727161396,0.0035041269549279702,0.00017239822812056835
191,0.0006410672012283561,2.385629653930664,0.003814801586238841,0.007310463547411289,0.004310912703064154,0.006727892554972512,0.003596042926855683,0.00017511509207883912
192,0.0006373221656419789,2.403238534927368,0.0038201431449557685,0.007328877914390346,0.004473772741548655,0.006748417210919444,0.0038177521929533558,0.00016942586488880718
193,0.0006335708347301627,2.3931195735931396,0.003899796693983579,0.007944997593031437,0.004691827644174731,0.0069993647726664015,0.003941806820682584,0.0001679302963796578
194,0.0006298134789379739,2.329995632171631,0.003708604911424707,0.007755645056928592,0.004502187804450802,0.0065745782444361365,0.003750462096874541,0.00017570368871872862
195,0.0006260503691448322,2.3317320346832275,0.003757630205317502,0.007705583592175805,0.00445152063154758,0.0066925083257016035,0.003639474327595933,0.00019035905964953254
196,0.0006222817766449798,2.3810160160064697,0.003677825948336528,0.00732861049561656,0.0043588945961176235,0.006632464159040152,0.003530198619658884,0.00018322906649090667
197,0.0006185079731279253,2.3380990028381348,0.0036294051206713484,0.007321150221322245,0.00426014009429423,0.006902769986919523,0.0034505577696818243,0.00017687550789027517
198,0.0006147292306588549,2.330064535140991,0.0036285805953985882,0.007263094016913973,0.004162711897915245,0.006652490290446222,0.0034574391338896477,0.00017395073336296533
199,0.0006109458216590199,2.357917547225952,0.003774315707612998,0.007576963285760183,0.004271949216276124,0.0065486390893371785,0.003669171980254052,0.00016872680862258213
200,0.0006071580188860955,2.284480094909668,0.0039774061882982895,0.008193772121359872,0.00453502439940954,0.00731581023826927,0.003982655264843671,0.0001741174631114602
201,0.000603366095414518,2.3408043384552,0.0038316244953396183,0.007780657944458916,0.004418633428139058,0.00727569233972611,0.003822330016427428,0.0001643671547511434
202,0.0005995703246157976,2.42470121383667,0.0038248519845286402,0.0077507687314060675,0.0044103549152356035,0.006815630468149409,0.003813998980272317,0.00015188763200844443
203,0.0005957709801388102,2.369786262512207,0.0036266045534798902,0.007420630524613885,0.00427170446989164,0.0073262890307416555,0.003680974176048076,0.00015435244835404407
204,0.0005919683358900693,2.291700601577759,0.0034584147063647474,0.007087946302655734,0.004109730896467479,0.006915791183144728,0.0033745190732967713,0.00016053073497003038
205,0.0005881626660139791,2.4454824924468994,0.0035055591685851707,0.0068114408710586065,0.004062172396846478,0.005905734073461607,0.003452870224795129,0.00014918979141777608
206,0.0005843542448730706,2.3285601139068604,0.0035857843129871825,0.0070798113539584945,0.004211842653947363,0.007011107437728699,0.0037101544753692663,0.0001601928252978118
207,0.0005805433470282224,2.337538719177246,0.0036355344842768527,0.006964738247655266,0.004199945686522357,0.006784797207189012,0.00359403454681629,0.00015419442827018453
208,0.0005767302472188655,2.287738561630249,0.0035819476264473205,0.006817043992040388,0.004118883352054436,0.006505792796068799,0.003398355473494444,0.00015036523444868195
209,0.0005729152203431784,2.3618528842926025,0.003549675269477465,0.006851953853021509,0.004243674226424677,0.006256289863506378,0.0035564392444996915,0.00014699038954552306
210,0.0005690985414382667,2.3258490562438965,0.003600611431969518,0.007290743301016277,0.0042617270809390505,0.007115076051440657,0.003542100019541844,0.0001463978708943524
211,0.000565280485660337,2.3570194244384766,0.0034009534180452035,0.007101993593128231,0.004141040314172463,0.007417286155695581,0.0032916648659276565,0.00013909560372567858
212,0.0005614613282648581,2.3470094203948975,0.0032951638569557714,0.006716814200824294,0.0038950379723120903,0.0064394284127664075,0.003267468758115576,0.00013081416287796883
213,0.0005576413445867181,2.3682079315185547,0.0033223028184514772,0.0070441557352861105,0.003938117862955281,0.0070547947899775015,0.0034655943335104838,0.00013655047249758762
214,0.0005538208100203746,2.3154056072235107,0.0034049169061404322,0.006998198981574459,0.004022097962958804,0.0068670476678970825,0.00345732982095194,0.00014261989525003196
215,0.00055,2.3998501300811768,0.0032913002765488815,0.006173189037360635,0.0038152458402963387,0.0058166380837910685,0.0031897734093439285,0.00013512114999577902
216,0.0005461791899796256,2.348001480102539,0.003375248319918615,0.006086018222280919,0.0038867276408155443,0.0058646188538633275,0.003259479741415849,0.0001439521816578651
217,0.0005423586554132821,2.2736222743988037,0.0033370904374593565,0.006298691895063347,0.003848792701151483,0.006091781995495323,0.0033067273201802644,0.00016094867576836724
218,0.000538538671735142,2.339081048965454,0.003291925716632962,0.0064461205886623485,0.0038791719512812966,0.00580630810326207,0.003244786193138077,0.00015985477316225171
219,0.0005347195143396631,2.3377914428710938,0.0031886429912340343,0.005845902502430539,0.0037737280634519313,0.005016128580713215,0.0030783888630318886,0.00014556066691955862
220,0.0005309014585617334,2.3197057247161865,0.003133693757630245,0.005856133517733794,0.0037714271486786084,0.004837045575362814,0.0029526659202955634,0.00014321345841199058
221,0.0005270847796568219,2.271556854248047,0.0031589112972476518,0.006012921973343086,0.0037922193922315076,0.004949153750175965,0.0029777582550162586,0.00014625486088777688
222,0.0005232697527811344,2.2964820861816406,0.0031445594234823173,0.005923627650302131,0.003703088688557987,0.004894840131114954,0.00288111787375357,0.0001423712158574716
223,0.0005194566529717777,2.315267562866211,0.0032065862852209935,0.005836676034234578,0.003675837971633216,0.005173562537725324,0.0029674375868208626,0.00013552014560888606
224,0.0005156457551269293,2.404421091079712,0.0029606122282518263,0.005678612234143193,0.0034951851783960623,0.0050406445994904256,0.0029099255662897515,0.00011816280991264383
225,0.000511837333986021,2.3149502277374268,0.002938282799466227,0.005592555887094057,0.003606939123257354,0.005120603929506578,0.003166309577955409,0.0001222289122819298
226,0.0005080316641099307,2.2859182357788086,0.0029527577822194106,0.005563382989560204,0.0034624274506219834,0.004917979305546648,0.0027336163039912683,0.00012097064913146751
227,0.0005042290198611899,2.3012828826904297,0.0029422474579968317,0.00560340514977347,0.0034211703288115564,0.004899096386016907,0.0026611854569378937,0.00012223901622299295
228,0.0005004296753842026,2.2785139083862305,0.002862347146365049,0.005297806151545625,0.0033790359532832807,0.004878354114650656,0.002661903504654168,0.00013067452933423636
229,0.0004966339045854823,2.3153014183044434,0.00293029796145544,0.005191154189036779,0.003357804891406993,0.004629824629368724,0.0026402133315082056,0.00013346281022871636
230,0.0004928419811139046,2.252929210662842,0.003036991786337426,0.0053262229759965625,0.0034465944259234236,0.0046611569816600255,0.0026647299100458896,0.00014281925695657416
231,0.0004890541783409802,2.3012993335723877,0.003096705686429337,0.005396597449315178,0.0034837697112666093,0.004632094618642345,0.002858508413232732,0.00014464565503566484
232,0.0004852707693411451,2.288642168045044,0.003101310829924348,0.005372451095142041,0.0034356317842904843,0.004425688079056365,0.002860179129454091,0.0001449732414676607
233,0.00048149202687207485,2.240983724594116,0.0030901601709206763,0.005183003318037475,0.0033974807649831892,0.004620831488217695,0.0028818786426227333,0.00014662457143634918
234,0.0004777182233550202,2.2584445476531982,0.0030412972558679515,0.005333091718147025,0.0033958989033400036,0.0050339462425709495,0.0028973003013780417,0.0001482398147464479
235,0.00047394963085516795,2.3133723735809326,0.003044221860034615,0.005435297433451538,0.0034657962751679736,0.004946392387039753,0.0030034562038781425,0.00014660566977334457
236,0.0004701865210620261,2.307912826538086,0.0029890428736121756,0.005211157214415326,0.0034467967272143445,0.004781456075725252,0.0030724347059591837,0.0001475762655433205
237,0.00046642916526983745,2.162590265274048,0.002968006851133254,0.005505926231422011,0.0035834512412917844,0.00548449673386046,0.0030727318451109643,0.00016265787131618543
238,0.0004626778343580211,2.247661828994751,0.00290993189010947,0.005607652106919309,0.003493577981152525,0.005512268521045219,0.0028293720539469573,0.00016670523431392675
239,0.000458932798771644,2.2996280193328857,0.0029041645123758716,0.005197355936755816,0.0034266498288229043,0.0049358291257277365,0.0028461818350112244,0.00016304958601280834
240,0.0004551943285019233,2.2743895053863525,0.0029255545838225883,0.0051080315791163945,0.003394130632869138,0.004534049471498879,0.002789321310574499,0.00016525034571518045
241,0.0004514626930667621,2.1970653533935547,0.0030858198037017844,0.005203206302539536,0.0034529238344872685,0.004409319677983535,0.0027667947960870053,0.0001770881043674001
242,0.00044773816149131955,2.307806968688965,0.003054968715894654,0.005018843495903197,0.0035938487371673026,0.004481438915957708,0.002817625262163528,0.00017447751642245463
243,0.0004440210022886151,2.2291181087493896,0.0029655321452121738,0.004915014713728698,0.0035170740737126994,0.004221014221076847,0.0028829355831256737,0.0001806332121001092
244,0.0004403114834401713,2.265439033508301,0.0029278029020022426,0.004781202598649165,0.0034905539540325626,0.004345329382370413,0.002886643881913498,0.00018256498043500903
245,0.00043660987237669374,2.285170555114746,0.0028866498112963463,0.004722051217626561,0.0035318973701766346,0.0043958005523088185,0.0029246860798120685,0.00017809462020826298
246,0.00043291643595879114,2.204859495162964,0.002765601332958982,0.0047360367011927695,0.003360223516506447,0.00455043741477545,0.0027402330520053158,0.00017737797875083162
247,0.00042923144045773704,2.2397208213806152,0.002807391231508384,0.0048869025983941826,0.003417542480359583,0.004680746947632971,0.0027963993745027563,0.00017713662125599483
248,0.000425555151536273,2.3030121326446533,0.0028844645527634806,0.0048311627432437755,0.0034230917127703606,0.004515252640242546,0.0027696524836180927,0.00016576400921934512
249,0.0004218878342294562,2.287496566772461,0.0029696341201813302,0.004788552021004849,0.003348242889633033,0.0044796583857619815,0.0027519835761012092,0.0001589090030030728
250,0.00041822975292555236,2.2687509059906006,0.002926898732740066,0.004671937978870188,0.0033497681641991572,0.004369016892366803,0.002638290653669152,0.00015811268136225727
251,0.00041458117134697515,2.2678213119506836,0.0029231708781196904,0.004649341493011939,0.003330455656239564,0.0042086400957656684,0.002691917582490015,0.00015554448027907899
252,0.0004109423525312737,2.2085745334625244,0.0028939722484369887,0.004435592230300685,0.0032390608260721462,0.004044510557438849,0.0026592172426191008,0.00016055333806428524
253,0.0004073135588121692,2.2898685932159424,0.002932702255692222,0.004424766220044486,0.0032932104700328937,0.004210396363478695,0.002916373819921891,0.00015909026821754114
254,0.0004036950518006424,2.1956546306610107,0.002764824686476407,0.00443550334174952,0.0032507219672943464,0.00420354365816143,0.0028554502795313866,0.00016008241676157995
255,0.0004000870923660741,2.2216293811798096,0.0027286767164985478,0.004570556732846404,0.0032401843357901185,0.0042301189698758426,0.0028007852856796705,0.0001646957485965284
256,0.00039648994061743684,2.2739245891571045,0.0025764582426752677,0.004393571589481657,0.0030216656619870205,0.004108560974719863,0.002610938710701025,0.00015524117006834068
257,0.0003929038558845439,2.153881788253784,0.0024969046496500992,0.00427147144672394,0.002975721663856201,0.0038643906894519314,0.0025678899651219713,0.00015983753696955
258,0.00038932909669935306,2.281574010848999,0.0025298843958824783,0.004279105979393459,0.00311033061855074,0.003964718741188912,0.00270548930490249,0.00015481798783343044
259,0.00038576592077732867,2.2202441692352295,0.002478640444092234,0.0041809881164095045,0.003124148845893867,0.0041466091016327845,0.0025898155556518744,0.0001529069765682693
260,0.00038221458499886117,2.283177614212036,0.0024216328842385447,0.004046608268048826,0.003133119580465216,0.004107656629633198,0.0026364467693664627,0.0001413807193037574
261,0.0003786753453907486,2.2543089389801025,0.002371902826982069,0.003907828554555225,0.0029440723994952683,0.0039699138720975516,0.0025559798954962343,0.0001365247421044748
262,0.00037514845710773855,2.1601600646972656,0.0023951720644843706,0.0039342312053412,0.0029632314976385864,0.0038500969327052463,0.0025887923806438605,0.0001402149110731471
263,0.00037163417441413366,2.178051710128784,0.0024257270804747028,0.003959882214166474,0.0030379054185341345,0.004009508854047868,0.002685674295222654,0.0001460280714741224
264,0.0003681327506654602,2.2220044136047363,0.0024401901653292963,0.0040254426502963426,0.003067217635180526,0.003896664575807871,0.002660748134798918,0.00014008736499195658
265,0.00036464443829020335,2.244699239730835,0.0024085268254436004,0.003918592531504112,0.0029856871765573828,0.0037480063357682404,0.002535309673947597,0.0001327378080262637
266,0.00036116948877160863,2.290281295776367,0.002397818753770946,0.003958436656245858,0.0029462466152374413,0.003623579286247636,0.0024793433413715744,0.0001217327420403047
267,0.00035770815262955243,2.272674798965454,0.00227491475055191,0.0038075858772650376,0.002883467324906059,0.0036833936268284954,0.002460274173227786,0.00011705043791612841
268,0.00035426067940247976,2.2320961952209473,0.0022713210918915505,0.003691808168846733,0.002752782588479432,0.0037717864205183966,0.00230730352451576,0.00011587313787471853
269,0.0003508273176294158,2.2182364463806152,0.0022574325858402836,0.003763001444802971,0.0027789500591642305,0.004052338487613068,0.0022890208117851436,0.00011700330717125712
270,0.00034740831483204694,2.1783885955810547,0.0022844392973175097,0.003727145879417768,0.002860515274094158,0.003974285801892397,0.0023928276935795928,0.00012124236328706429
271,0.00034400391749687704,2.142622947692871,0.0022407106986816966,0.003665185361731166,0.002869565105890634,0.003710003888718799,0.0024157777206764734,0.00012890502508114296
272,0.0003406143710574562,2.1749932765960693,0.002243304323289484,0.0036791256583952724,0.00286658137674974,0.0034520740269713885,0.002444579571858126,0.00013403833989138512
273,0.00033723991987668787,2.2611873149871826,0.002271615307438394,0.003652324525996788,0.0028605921687323297,0.0035674643358885824,0.0024262200316608066,0.00013056727227250893
274,0.0003338808072292116,2.246215581893921,0.0021313181364360522,0.0036293451866124143,0.0027109769977202484,0.0037090097048389503,0.0022821127356837177,0.00012203510733958518
275,0.0003305372752838646,2.2026166915893555,0.0021166564144444247,0.0036787734851915863,0.002628110159978311,0.003556637215143427,0.002203624037162096,0.00011661772077151036
276,0.0003272095650862224,2.1509130001068115,0.0020895122157066214,0.003688168357155365,0.002595179859193383,0.003287820102120766,0.0021481565287725444,0.00012097580476718871
277,0.00032389791654122244,2.3056936264038086,0.002040777970858337,0.0036599910624761966,0.0026214439877768627,0.0033661834934562316,0.002237102043741008,0.00011013380837534167
278,0.0003206025683958676,2.1925599575042725,0.002038409452150572,0.0034385210948401053,0.0025253758983943154,0.0033175403707241358,0.0022503537176349715,0.00011154913147096505
279,0.0003173237582220143,2.189795732498169,0.0020766081234122728,0.003496455024726667,0.002517264859226101,0.0032421335741484735,0.0021604471289976414,0.0001125317011924552
280,0.0003140617223992458,2.2592673301696777,0.0020238624105125406,0.003416896940884489,0.0025280824736017673,0.003092905595176449,0.0020788335903458464,0.00010793865083835587
281,0.00031081669609782977,2.207385540008545,0.002018958120088609,0.003466920923497776,0.0026011196828555445,0.0031736422956774803,0.0021037159172212355,0.00010852238014357396
282,0.0003075889132617653,2.190190076828003,0.0019488852945525278,0.003247250652623745,0.0024717055017068343,0.00326034855507787,0.002064349722477173,0.00011130325347824732
283,0.00030437860659191646,2.2368311882019043,0.0018938454170841466,0.0030541751529279647,0.0024534967740301073,0.00307415792764538,0.002043482532995521,0.00010875797184702003
284,0.0003011860075292365,2.223205089569092,0.0020079957991804465,0.0031342920716901468,0.002594875536517548,0.003168141195201145,0.0023029578653987765,0.00011430033184458617
285,0.0002980113462380821,2.239187002182007,0.002090849541953195,0.003250552754565464,0.0026221930840246268,0.0032415093751055504,0.0022906996019955435,0.00011194576646282977
286,0.0002948548515896207,2.1688332557678223,0.002000748840660137,0.0031126019968766194,0.0024465825303415516,0.003021166831807563,0.002148216153779095,0.00011285443013059214
287,0.00029171675114533015,2.2909343242645264,0.0019207961077011186,0.002995910447175583,0.0023989608189062613,0.0029271348089391484,0.002083885018401076,0.00010731132104597446
288,0.00028859727114059324,2.2464308738708496,0.0019193010516067536,0.0029831587238575807,0.0024398291416752294,0.00289606925357125,0.0020178910230101883,0.00010313772910739536
289,0.00028549663646838715,2.1217498779296875,0.0019329005188272951,0.003141875159182673,0.0024443081520460494,0.0029635548353929776,0.0020061047346141875,0.00010856835224896312
290,0.00028241507066307104,2.1340460777282715,0.0019515524802807245,0.003214124791431374,0.002541826591264584,0.0031800696414084305,0.0021347375085553366,0.00011212626492524646
291,0.00027935279588427034,2.2224934101104736,0.001937684539343832,0.003124694052299732,0.0024632749948265745,0.0030422789156662124,0.0020116886146702827,0.00010892115484091122
292,0.0002763100329008607,2.1604349613189697,0.0018266083324837718,0.0029283844681604245,0.0023847426445139847,0.0029005059083230126,0.0020016896830576886,0.00011052173757040163
293,0.00027328700107505155,2.230591058731079,0.001784546768613066,0.002893916029812657,0.0024062412125349635,0.0028135532471935698,0.0020253443741552065,0.00010405345406223051
294,0.0002702839183465726,2.1453840732574463,0.0017698677826880169,0.002768025365193849,0.002340099835519309,0.0027586374952325333,0.001994640999114336,0.000104386853648151
295,0.00026730100121696095,2.2024714946746826,0.0017017369093788228,0.002722561138164037,0.0022583731109942357,0.0026835614665235434,0.0018730631418624,0.00010050116750438487
296,0.00026433846473395355,2.1768288612365723,0.0016606493590107672,0.002701464835383817,0.0021655635837000754,0.0025414399429136932,0.0017976349604405042,9.989819469134414e-05
297,0.0002613965224759829,2.1261825561523438,0.0015542423844337985,0.002689061859527002,0.002131353702042547,0.002482552316514966,0.0017374980893327234,0.00010246361166586722
298,0.00025847538653678054,2.1887094974517822,0.0015028259615007778,0.002580585453387154,0.002118549612114631,0.0024519280668521067,0.0017648620842789914,0.00010192645103679277
299,0.00025557526751008566,2.1892130374908447,0.0015815947308423864,0.0026088223656775132,0.002128082510060115,0.002394660146111702,0.0017270811033284113,0.00010194564877984404
300,0.00025269637447446344,2.178074359893799,0.0016061207685597982,0.002531680831162635,0.0020886569936950958,0.0023008596386582163,0.0017048455986510274,0.00010015736608873434
301,0.0002498389149782312,2.1400184631347656,0.0015429593288086275,0.0024744542875755992,0.001990449415585846,0.0022038176365999098,0.0016083269429972666,0.00010031070202289966
302,0.00024700309502449633,2.1298820972442627,0.0015292598892684272,0.0024316402222371845,0.001995128460395954,0.00224915356644717,0.0016305528212731807,0.00010124524958887138
303,0.00024418911905630454,2.2109780311584473,0.0014769563526591666,0.002403013601750966,0.0019994561748099132,0.0021942633058949297,0.001595611994363831,9.666210921183591e-05
304,0.00024139718994190093,2.2100489139556885,0.001471717476334085,0.002393205839602473,0.0020478236829718777,0.0022721678996804892,0.0016107847115987266,9.524748608678225e-05
305,0.00023862750896010425,2.1880249977111816,0.0014624240241008335,0.002384765591871823,0.002019185841298248,0.0023054488493501643,0.0016222076646257785,9.224279687086282e-05
306,0.00023588027578579703,2.139136552810669,0.0014356062052702056,0.002345388834311555,0.002029144734630748,0.00231148452034449,0.0016184098308597173,9.42070430978346e-05
307,0.00023315568847552943,2.1576037406921387,0.0014250877119463287,0.0023211872523566123,0.0020078549038966597,0.00240207370892258,0.0016571061359523815,9.718965622490288e-05
308,0.00023045394345324146,2.203702211380005,0.0014023879772284166,0.002331399451144873,0.001997624165344987,0.002368438471224796,0.0016713706170154933,9.497694675627489e-05
309,0.00022777523549610124,2.108523368835449,0.0014319843188052332,0.0022874275479569783,0.001995033760475011,0.002328810430022162,0.001698614523374639,9.512160829226935e-05
310,0.00022511975772046403,2.1555118560791016,0.0013992036654719329,0.0021835356838464277,0.001971558999007977,0.002301477724871533,0.0016242367899150486,9.33605557878278e-05
311,0.00022248770156794913,2.1485981941223145,0.0013618000952229279,0.0021516500443335635,0.001888735464430636,0.0022158705540237175,0.001550463952606183,9.121785212717141e-05
312,0.00021987925679163865,2.2079389095306396,0.0013464819846851655,0.002171077173684262,0.0018762160422331768,0.0022125611005363362,0.0015139182827838048,8.767407471607125e-05
313,0.00021729461144239705,2.2014760971069336,0.001424151259345173,0.0021919943068540266,0.0018582887906228073,0.002170299870132385,0.0015597240699741844,8.52038103058133e-05
314,0.00021473395185531472,2.199517011642456,0.001387372043873516,0.002173809299379127,0.001847323813713168,0.002159789486092599,0.0015807427188852129,8.510058942214336e-05
315,0.00021219746263627406,2.115870714187622,0.0013567032091483808,0.002084968231953143,0.001788940866657946,0.0021138972013904442,0.001493251924165456,8.666605117222326e-05
316,0.0002096853266486408,2.1454057693481445,0.0013803170424897503,0.0021786819846079924,0.0018345940725743436,0.0021904621157732428,0.0015793673064154474,8.840052923438751e-05
317,0.0002071977250000805,2.0901873111724854,0.001285837738674204,0.0021222424718975387,0.0018048122095281388,0.002119753980292216,0.0015144824793305637,9.111408081436556e-05
318,0.0002047348370295026,2.0313994884490967,0.0012826923607878599,0.002117833234469319,0.0018185026853873947,0.002115888218152273,0.0014828703895044734,9.537425560773468e-05
319,0.0002022968402941307,2.0922951698303223,0.0012616910875539846,0.002138333701406602,0.0018460938343266256,0.0021529145837493224,0.0015011434669059956,9.553325129378604e-05
320,0.00019988391055670231,2.2532265186309814,0.001242379715836974,0.002127588770605301,0.0018225623450758646,0.0020667207379393405,0.001473591365420575,8.76112830619454e-05
321,0.00019749622177279706,2.151557683944702,0.0012528637158497767,0.002046157183194152,0.0017697319666431979,0.0020544049434785363,0.0015135753666662205,8.492513419334924e-05
322,0.00019513394607829638,2.1444196701049805,0.0012453330646983798,0.002015153451240767,0.0017558539153945405,0.0020564498291302316,0.0015093623645590216,8.399690999564966e-05
323,0.00019279725377697332,2.0617852210998535,0.0012496956423105716,0.001966004062610294,0.001712847867463809,0.0020725379374363223,0.0014799920540849209,8.67636354724914e-05
324,0.00019048631332821485,2.1692492961883545,0.0012664842322642385,0.002019320918954552,0.001736326885896208,0.002096070451902868,0.0014619041449176278,8.293316113482498e-05
325,0.0001882012913348768,2.1203536987304688,0.001259923955389416,0.001980051750844149,0.0016838223309300314,0.002091827411017413,0.001390311639296683,8.160257833424416e-05
326,0.00018594235253127368,2.143026828765869,0.001252613629915281,0.0019035635613591155,0.0016416626975182176,0.002021843994211841,0.001351637332623806,7.75161659348006e-05
327,0.00018370965977130188,2.20548152923584,0.0012330077261125338,0.0018654254181074475,0.0016174204691420432,0.0019825584388331614,0.0013196106208440016,7.277735782619803e-05
328,0.00018150337401669924,2.169034242630005,0.001191106244172219,0.0018103738441037987,0.0015882907529828955,0.0018950078188967585,0.0012827791335211789,7.126949652772503e-05
329,0.00017932365432544057,2.149176836013794,0.001222356191447807,0.0018876076750454442,0.0015981867693646214,0.001938232159030709,0.0013174210068532936,7.2370032549062e-05
330,0.00017717065784027107,2.198544502258301,0.0011603604780129138,0.0019363710154892922,0.0015989629139840915,0.0018414595459241665,0.0012671668741442703,6.820160837105021e-05
331,0.00017504453977737727,2.1652677059173584,0.0011352948498731526,0.0019414188575778168,0.0016042282374304025,0.0019184730106868522,0.0012823580395437855,6.950030050243555e-05
332,0.000172945453415197,2.080199956893921,0.0011075997776605405,0.001876872201885262,0.0016000725571087065,0.0019200381883676036,0.0013531104683847455,7.470469719033775e-05
333,0.00017087355008336863,2.1083312034606934,0.0010636857156968353,0.0017902990590735544,0.0015783360269660922,0.0018156783641490178,0.0013496728986839154,7.637737971712179e-05
334,0.00016882897915182214,2.1212570667266846,0.00101512605780653,0.0017370679010685836,0.0015351355516983213,0.0017835179256652457,0.0013076240419105328,7.533686483673689e-05
335,0.0001668118880200099,2.149693727493286,0.0010100655641396075,0.001692080624749793,0.0014745987417572521,0.0016805199046850334,0.0012135139046609846,7.152915340374237e-05
336,0.00016482242210628058,2.1742615699768066,0.0010099444146007585,0.0016998572253180042,0.0014829776155690878,0.001635416554522105,0.0012265452769293942,6.883396602091565e-05
337,0.0001628607248373948,2.2731082439422607,0.0009918980535778275,0.0017030108393819691,0.0014713081197276808,0.0016358805221940993,0.0012103460329071837,6.305879303326634e-05
338,0.00016092693763818604,2.1642167568206787,0.0009916199995716978,0.001682826144040917,0.0014511099147188021,0.0016401973456399799,0.0012138141017453714,6.20524262397606e-05
339,0.0001590211999213643,2.070906639099121,0.0009982941102221654,0.0016553103878943912,0.0014622396986244198,0.001787141802657403,0.001276989601661393,6.58992806174523e-05
340,0.00015714364907746527,2.086118221282959,0.001018265439232169,0.0016433563036295958,0.0014694576954264965,0.001803475451814682,0.001305844995515172,6.856911989799611e-05
341,0.0001552944204649461,2.0850107669830322,0.0010246640929028206,0.0016423383655650497,0.001461912883378646,0.0018167187202432216,0.0013188180907095538,7.070000819799881e-05
342,0.0001534736474004259,2.1554479598999023,0.0009786596349495673,0.0015784675151113714,0.0014135735588607229,0.001757153798942653,0.0012459293722852922,6.875446536184681e-05
343,0.00015168146114907566,2.1409084796905518,0.0009603389643339393,0.0015834154043979575,0.001391621997212678,0.0017382706749245148,0.0012160459724682687,6.838945625719393e-05
344,0.0001499179909151543,2.104207992553711,0.0009599015288650028,0.0015928623427906821,0.0013563952404851154,0.0016322857314198394,0.0011596317985554105,6.917946837003863e-05
345,0.00014818336383269425,2.1396424770355225,0.0010093807089124455,0.0015995493763132382,0.0013840680729965977,0.0015948711217935172,0.0011503329999515807,6.840809323115839e-05
346,0.00014647770495633539,2.1346089839935303,0.0009707034985406998,0.0015665346684044556,0.001372866784148998,0.0015964972453286277,0.0011833323290007772,6.804226255613219e-05
347,0.0001448011372523102,2.1120409965515137,0.000963213119258491,0.0015361854677699467,0.0013658001076996833,0.0016320785448204146,0.001190113490635656,6.714858166717367e-05
348,0.0001431537815895784,2.013507843017578,0.0009380617220278097,0.0015080998346848201,0.001336783889944592,0.0016010381742206051,0.0011494334549216453,6.867925972484723e-05
349,0.0001415357567311132,2.1164259910583496,0.0009468007083951206,0.0014839163735476672,0.0013419802312238274,0.00160872991914136,0.001190495001477837,6.629708433879252e-05
350,0.0001399471793253389,2.143401622772217,0.0009682880161807873,0.0015064374642311217,0.0013734971455918994,0.0016173245445270169,0.0012185368053045848,6.335479882063557e-05
351,0.0001383881638977223,2.129685878753662,0.0009423507987028021,0.001466899717250219,0.001344703423663316,0.0015294812194684214,0.0011528779875529282,5.997859740867087e-05
352,0.00013685882284251508,2.080986261367798,0.000913581578598208,0.0014271605851606923,0.0013279157114888093,0.0014876779578786813,0.0011320566466298653,6.0680120697296804e-05
353,0.00013535926641465188,2.117610216140747,0.0009062229399003084,0.0013995386122371608,0.0012949724543192614,0.001400936378846215,0.0010934482818907062,5.925835442068402e-05
354,0.00013388960272180087,2.1582088470458984,0.0008726179627742574,0.0013725198299471505,0.0012712884997912914,0.0013901239355006512,0.0010439658022358723,5.688599144705236e-05
355,0.0001324499377165708,2.175246238708496,0.0008371546671102188,0.0013444083386498125,0.0012415817828999418,0.001377227363026747,0.001038501400531679,5.3157962157640866e-05
356,0.0001310403751888718,2.129779100418091,0.0008341114717015051,0.0013333957922220163,0.0012003793384856793,0.001403561121753419,0.001050997221604195,5.148534360447761e-05
357,0.00012966101675843323,2.1322288513183594,0.0008387180852825038,0.0013148836210342164,0.001189423510848477,0.0013991899414878433,0.0010503820988709673,5.084072805357709e-05
358,0.00012831196186747733,2.0940780639648438,0.0008541041350508125,0.0013447359847710547,0.0012075398825315412,0.0013993272702022203,0.0010652588287658356,5.2102440254803266e-05
359,0.00012699330777355084,2.0969414710998535,0.0008438262237649974,0.0013092541541423043,0.001193156692194178,0.0013616982160502406,0.0010484557922680116,5.2844365442180996e-05
360,0.0001257051495425121,2.0424180030822754,0.0008179949993414406,0.00128513698533348,0.0011742718524961064,0.0013394514418977775,0.0009802858897590527,5.411622026469737e-05
361,0.00012444758004167894,2.056680202484131,0.0008000728726148473,0.00128005747233621,0.0011598804334926737,0.0013233242811711398,0.0009495155263467402,5.651138441812712e-05
362,0.00012322068993313217,2.0819501876831055,0.0007881039799407723,0.0012524802261216126,0.0011569744057360854,0.0013366943706401657,0.0009464976237201617,5.7361614390914434e-05
363,0.00012202456766718092,2.156543731689453,0.0007486903337658025,0.0012264634964289029,0.001148177544903437,0.0013419759974911743,0.0009282995249486257,5.523706908189791e-05
364,0.00012085929947598458,2.1477725505828857,0.0007626050215918123,0.0012159613517207985,0.0011427841286009786,0.0013474710566004258,0.00094603297666891,5.297677315039913e-05
365,0.00011972496936733713,2.1055057048797607,0.0007446656544585894,0.0012025884732453718,0.0011531754411761796,0.0013800021732631423,0.000961806195799095,5.338614141914306e-05
366,0.00011862165911860998,2.0861427783966064,0.0007281428354275557,0.001190221439250326,0.0011737613240079166,0.0013321249952635093,0.0009904449896115262,5.545862037528125e-05
367,0.0001175494482708572,2.1012730598449707,0.0007298247030642738,0.0011945177912458696,0.0011526463142124332,0.0013094545069768041,0.0009422274073276998,5.526050808744752e-05
368,0.00011650841412308026,2.128467559814453,0.000722586495749662,0.0011760872380977602,0.0011133892478646856,0.0012755578071126535,0.0009210062026332765,5.4050455920677174e-05
369,0.000115498631726656,2.1245651245117188,0.0007286758933087287,0.0011629696286709602,0.001066847247910869,0.0012199755748429721,0.0009004213332636902,5.3557329384096837e-05
370,0.00011452017387992551,2.1765103340148926,0.0007481480479213043,0.0011987887621989167,0.0010631703798909414,0.00119947228864206,0.0009027740291965283,5.156931774693993e-05
371,0.00011357311112294629,2.1255393028259277,0.0007253191591235313,0.001178493800154327,0.0010788963965178227,0.0012354239205494223,0.0009030538060013234,5.035876492437104e-05
372,0.00011265751173240638,2.0794966220855713,0.0007446404634490123,0.001182294981824602,0.001113360938332494,0.0013019218340945763,0.0009333361287556913,5.1034443620410825e-05
373,0.00011177344171670231,2.1207542419433594,0.0007653074991493046,0.0012027230683942028,0.0011653971000653903,0.0013499117875636767,0.0009783025337070789,5.07221521105924e-05
374,0.0001109209648111802,2.0808448791503906,0.0007370767980649897,0.0011575525949161028,0.0011407263884889805,0.0013339861154052887,0.0009363661316855811,4.977607023571094e-05
375,0.00011010014247354124,2.1349539756774902,0.0007148620878281849,0.001140958569829205,0.0011129324696554418,0.0013216178141675834,0.0009242994578969506,4.847905470262637e-05
376,0.00010931103387941048,2.159822702407837,0.0007076267447117139,0.0011441998553955704,0.0010996301226090346,0.001294757138105655,0.0009321351565264587,4.7560390216990135e-05
377,0.0001085536959180712,2.0936567783355713,0.0007264555596409502,0.0011197625953729587,0.0010633277211251073,0.0012498121942808916,0.0009358706013407967,4.722428680195308e-05
378,0.00010782818318836301,2.1337997913360596,0.0007182359413980772,0.0010930514116719173,0.001033518303892173,0.0012053957476610485,0.0009083085333855655,4.5761229177228794e-05
379,0.0001071345479947464,2.1292099952697754,0.0006797320647160558,0.0010593675997058259,0.0009952706783850312,0.0011748757143718828,0.0008635281242727983,4.37702872303141e-05
380,0.0001064728403435312,2.071413040161133,0.0006694233714475554,0.0010717592172462226,0.0009897437262798466,0.0011779737109198004,0.0008332783567639891,4.437045500331514e-05
381,0.00010584310793927194,2.068089485168457,0.0007117948532882166,0.0010656768005918222,0.0009965142333128872,0.0012093923079119979,0.0008672123347176616,4.582437592413639e-05
382,0.00010524539618132849,2.060575246810913,0.0007179531446393693,0.001109376663241493,0.0010316604185393917,0.0012526078087307737,0.0009064123683062632,4.751950940940752e-05
383,0.00010467974816059316,2.146533250808716,0.0007158813171305716,0.0011059835096495238,0.0010401091115090511,0.0012214533594809378,0.0009032117588236583,4.7512527764421014e-05
384,0.00010414620465638407,2.0864760875701904,0.0006971868434267369,0.0011021644235639889,0.0010481735152419128,0.0012810308063794834,0.0009155665392647956,4.695553892935069e-05
385,0.00010364480413350543,2.0580708980560303,0.0006684739139035847,0.0010525169747303894,0.0010234199336240715,0.0012361963075142902,0.0008794547722754076,4.785481666259929e-05
386,0.0001031755827394741,2.110156297683716,0.000674183643088216,0.0010504868917258312,0.0010232784021583581,0.001198511353818826,0.0009151132723785857,4.8288894410830164e-05
387,0.00010273857430191408,2.1550567150115967,0.0006649463630975072,0.0010385834196727144,0.0010308898539535456,0.0012401469684349285,0.0009472394062865371,4.694245470364325e-05
388,0.0001023338103261174,2.114393711090088,0.0006520573339331186,0.0010082107455073315,0.0010203871417652703,0.0012686621700437996,0.0009452613849265814,4.6515691517579064e-05
389,0.00010196131999277304,2.127889633178711,0.000656777957267673,0.0010245334534030545,0.0010001103519730657,0.0012457090080035416,0.0008641657106101843,4.5132943191829544e-05
390,0.00010162113015586307,2.045132637023926,0.0006739003516570736,0.0010089217243361528,0.0009867625116330935,0.0012506111523059508,0.0008594943367212667,4.638286159689366e-05
391,0.00010131326534072675,2.133552312850952,0.0006734457246090936,0.0010214924836061548,0.0009685265294017199,0.0012272477891930075,0.000826015369625162,4.443948860886633e-05
392,0.0001010377477422923,2.1151809692382812,0.0006809007416693798,0.0010425326955457554,0.0009728383424246924,0.0011877340841073983,0.0008540258258399588,4.3830749965234634e-05
393,0.00010079459722347693,2.054750680923462,0.000665715371341888,0.0010332531982295042,0.0009784021619821572,0.0012065727342086094,0.0008588322853075417,4.433188901217546e-05
394,0.00010058383131375481,2.130115032196045,0.0006590556573081327,0.0010247336702450074,0.0009486744643256676,0.0011763899593626402,0.0008198561241828292,4.372594336364477e-05
395,0.00010040546520789336,2.0792105197906494,0.0006679373199082364,0.0010123556293836896,0.0009402484763792979,0.0011138664829931266,0.0008107206283407829,4.455547429641976e-05
396,0.00010025951176485764,2.0827887058258057,0.0006530935227723062,0.0010064304936903228,0.0009368983067803978,0.0011067059518028637,0.000827941399699707,4.417026953581132e-05
397,0.00010014598150688352,2.0714759826660156,0.0006465705567164201,0.0010105151737056569,0.0009282483090136961,0.0011459099786708098,0.0008532151593973081,4.458530902378261e-05
398,0.00010006488261871909,2.0226709842681885,0.0006314717470736037,0.0009675361758943121,0.0009284099312381318,0.001100460241705276,0.0008326687362493517,4.640436613699107e-05
399,0.00010001622094703438,2.057058572769165,0.000670211575834278,0.0010076432815288908,0.0009486953887920066,0.0011490390656611956,0.000861266883313031,4.736591703654434e-05
